project,url,Flaky,Commit,SHA,Module,Name(Relative,path,from,project,root),Fully,Qualified,Test,Method,Name,BuildStatus,BuildTime(sec),TestTime(sec)
https://github.com/apache/hbase.git,1cd2b56802a58b833b78ab11093912417c9a226a,hbase-server,BUILD SUCCESS,57.769,1.313
https://github.com/apache/hbase.git,a0f576cce46c8c96f97316b5fd279fd68ddd46dd,hbase-server,BUILD SUCCESS,46.272,0
https://github.com/apache/bookkeeper.git,34c260bfc7db379351fa8807897603b9a9b9012b,bookkeeper-server,BUILD SUCCESS,5.991,2.669
https://github.com/apache/bookkeeper.git,e30e116fc65088aad428b4151e1ab39c73c99676,bookkeeper-server,BUILD SUCCESS,7.947,2.992
https://github.com/apache/bookkeeper.git,2e1346c5fb6f8641f23dd926e1626211657be2ca,bookkeeper-server,BUILD SUCCESS,7.503,2.727
https://github.com/apache/bookkeeper.git,0c96765dffe3850ae6fc80397f9bc221421f1fa3,bookkeeper-server,BUILD SUCCESS,7.403,2.642
https://github.com/apache/hadoop.git,d433b16ce6d74f1a44bc29446c74b1cb5f8a10fa,hadoop-common-project/hadoop-common,BUILD SUCCESS,36.539,1103
https://github.com/apache/hadoop.git,6381ddc096699d680233db3b9efff9321528eedc,hadoop-common-project/hadoop-common,BUILD SUCCESS,14.285,1101
https://github.com/apache/hadoop.git,4492b9e7302b8c84dddec9713d8148cc6183f46b,hadoop-common-project/hadoop-auth,BUILD SUCCESS,2.441,277
https://github.com/apache/hadoop.git,d74ec9dd20cee35e9201e8a08b8bbcc76481a967,hadoop-common-project/hadoop-auth,BUILD SUCCESS,2.899,29.193
https://github.com/apache/hadoop.git,963e174276c585707a534a568f41e0bea14bcddc,hadoop-common-project/hadoop-common,BUILD SUCCESS,11.665,601
https://github.com/apache/camel.git,dd622db0b5d539f31efbf249a7b412bd9b010c49,core/camel-support,BUILD SUCCESS,40.154,48.562
https://github.com/apache/ratis.git,b6cb1dd2f5732bd731fc0e671900086a5b4b6713,ratis-test,BUILD SUCCESS,12.781,755
https://github.com/apache/ratis.git,206205810db1cab29987b2331dac205aafd62497,ratis-test,BUILD SUCCESS,38.592,2178
https://github.com/apache/ratis.git,52a52ed2c7f75cfbbfa81f7ce8fd18b01c54b66b,ratis-test,BUILD SUCCESS,28.896,893
https://github.com/apache/ratis.git,85ca5680c1548a9b0cefb0cc48859b296131a187,ratis-server,BUILD SUCCESS,17.032,9.841
https://github.com/apache/bookkeeper.git,f581e030c79abbde81bf165603fccdb5e6a1d38a,bookkeeper-server,BUILD SUCCESS,13.499,3072
https://github.com/apache/bookkeeper.git,c918051659f9f9231989531304a0a0a15f0f939e,bookkeeper-server,BUILD SUCCESS,7.690,2.625
https://github.com/apache/bookkeeper.git,da1a2fa6b19ddcdba68834147bf6afbe5bf90cbf,bookkeeper-server,BUILD SUCCESS,7.407,2.766
https://github.com/apache/bookkeeper.git,f2bc62b85e9bb855416fa4ea424cfd19ae9944e5,bookkeeper-server,BUILD SUCCESS,7.714,2.824
https://github.com/apache/hadoop.git,a6432ba5a177ec3d3a95fa79e313a9bbc531a1e7,hadoop-hdfs-project/hadoop-hdfs,BUILD SUCCESS,72,1211
https://github.com/apache/hadoop.git,d4fd675a95c16f6ecd8d8514cc3c0bef34bc9eff,hadoop-hdfs-project/hadoop-hdfs,BUILD SUCCESS,19.326,2.004
https://github.com/apache/hadoop.git,cd44e917d0b331a2d1e1fa63fdd498eac01ae323,hadoop-hdfs-project/hadoop-hdfs,BUILD SUCCESS,5.042,1.974
https://github.com/apache/hadoop.git,4fca94fbdad16e845e670758939aabb7a97154d9,hadoop-tools/hadoop-aws,BUILD SUCCESS,101,1262
https://github.com/apache/lens.git,4907964324abfe1f5f1d991492aa8927012e712a,lens-cube,BUILD SUCCESS,147,147
https://github.com/apache/hadoop.git,10ba4cc892d624f4ad97764a844a9cb8855b2c3c,hadoop-yarn-project/hadoop-yarn/hadoop-yarn-common,BUILD SUCCESS,32.786,1596
https://github.com/apache/mahout.git,f96f852a9c77b72c2a521fa89801b202df41624a,core,BUILD SUCCESS,9.413,15.910
https://github.com/apache/storm.git,e6a3ac655db254d2e40a85eaeb932ea65cb6756d,storm-server,BUILD SUCCESS,5.189,1.179
https://github.com/apache/servicecomb-java-chassis.git,f37cdb10d1aa35d14469b7613f99b23348ae5851,foundations/foundation-vertx,BUILD SUCCESS,7.550,23.990
https://github.com/apache/servicecomb-java-chassis.git,b780639a167ca09daaae28535c91c3b022f5d27c,swagger/swagger-generator/generator-core,BUILD SUCCESS,6.085,9.594
https://github.com/apache/servicecomb-java-chassis.git,ad0b38f9de90c73526fed719fd5dba6430e653b2,common/common-rest,BUILD SUCCESS,10.376,59.268
https://github.com/apache/orc.git,4baaf2382b720e534180f4339d4fae92eb2c12de,tools,BUILD SUCCESS,0,0
https://github.com/apache/hadoop.git,10461e01932bcd82a9d4e3ab8109df7ead560b14,hadoop-yarn-project/hadoop-yarn/hadoop-yarn-server/hadoop-yarn-server-resourcemanager,BUILD SUCCESS,29.062,141
https://github.com/apache/hadoop.git,cae1ed9f6c438e20acdf385e95041f91ae349c71,hadoop-yarn-project/hadoop-yarn/hadoop-yarn-server/hadoop-yarn-server-resourcemanager,BUILD SUCCESS,21.966,568
