64bf35f5e847,https://github.com/abel533/Mapper,3c0b3307011fad53f811e08d05147d94fc6c0d67,base,OD,4,REPAIRED,flags,8,/home/srafi/after-cam-ready/compare_/compile_repair_output/logs/64bf35f5e847/01_flags_java8.log,1,No POM patch required
4bd056f96a86,https://github.com/adobe/aem-core-wcm-components,5f29cc86b17b6db36cc617805295eb951b6504a1,bundles/core,ID,5,REPAIRED,flags,8,/home/srafi/after-cam-ready/compare_/compile_repair_output/logs/4bd056f96a86/01_flags_java8.log,1,No POM patch required
2d1c157150f1,https://github.com/alibaba/fastjson,e05e9c5e4be580691cc55a59f3256595393203a1,.,OD,11,REPAIRED,flags,8,/home/srafi/after-cam-ready/compare_/compile_repair_output/logs/2d1c157150f1/01_flags_java8.log,1,No POM patch required
4a83a4cf4d61,https://github.com/alibaba/fastjson2,3de60a9769f2c95cbceef13b0158b1af934ab323,codegen-test,TZD,2,REPAIRED,flags,8,/home/srafi/after-cam-ready/compare_/compile_repair_output/logs/4a83a4cf4d61/01_flags_java8.log,1,No POM patch required
e71598352a12,https://github.com/alibaba/jetcache,d28019640ac3eb6ac167dd0dc582adac7656226e,jetcache-test,ID,1,REPAIRED,flags,8,/home/srafi/after-cam-ready/compare_/compile_repair_output/logs/e71598352a12/01_flags_java8.log,1,No POM patch required
92e176da2aa0,https://github.com/alibaba/nacos,525672272ecb00cd769a13c7b21a8e51cf873f25,api,OD-Vic,1,REPAIRED,flags,8,/home/srafi/after-cam-ready/compare_/compile_repair_output/logs/92e176da2aa0/01_flags_java8.log,1,No POM patch required
cc73b3848d0a,https://github.com/alibaba/Sentinel,7e2fa454fa0546c04142a268454faabac79370d0,sentinel-core,OD,3,REPAIRED,flags,8,/home/srafi/after-cam-ready/compare_/compile_repair_output/logs/cc73b3848d0a/01_flags_java8.log,1,No POM patch required
445dd00c411d,https://github.com/apache/avro,bfbd2d115aec576545b0673e876a652806b41986,lang/java/avro,ID,1,REPAIRED,flags,8,/home/srafi/after-cam-ready/compare_/compile_repair_output/logs/445dd00c411d/01_flags_java8.log,1,No POM patch required
d44e4e7c5bc2,https://github.com/apache/bookkeeper,1c756ebc35d06b6d1f001ec17a4810398c7e3975,bookkeeper-slogger/api,ID,1,REPAIRED,flags,8,/home/srafi/after-cam-ready/compare_/compile_repair_output/logs/d44e4e7c5bc2/01_flags_java8.log,1,No POM patch required
7c4c1af62173,https://github.com/apache/bookkeeper,2aa59c74cdd1de13c33a593f6dccc888823c4a83,bookkeeper-server,ID,5,REPAIRED,flags,8,/home/srafi/after-cam-ready/compare_/compile_repair_output/logs/7c4c1af62173/01_flags_java8.log,1,No POM patch required
2e0d3e246149,https://github.com/apache/camel-spring-boot,a0c6a4e8e692d898c140b5d120313e53497fa608,components-starter/camel-gson-starter,ID,4,REPAIRED,snapshot,11,/home/srafi/after-cam-ready/compare_/compile_repair_output/logs/2e0d3e246149/06_snapshot_java11.log,5,/home/srafi/after-cam-ready/compare_/compile_repair_output/patches/2e0d3e246149.patch
ae341630326b,https://github.com/apache/cloudstack,47a5acd8529104a9b40b5bcf3317e789ac66966f,api,ID,1,REPAIRED,flags,11,/home/srafi/after-cam-ready/compare_/compile_repair_output/logs/ae341630326b/02_flags_java11.log,2,No POM patch required
6e6e6ff18f91,https://github.com/apache/cloudstack,64262d943f012c40deac3cd87c67d44fdc727b52,server,ID,1,REPAIRED,flags,11,/home/srafi/after-cam-ready/compare_/compile_repair_output/logs/6e6e6ff18f91/02_flags_java11.log,2,No POM patch required
d244ab2fbb6d,https://github.com/apache/commons-collections,371313a2e4d1da5e0776419ce94bb8b644158a20,.,ID,13,REPAIRED,flags,8,/home/srafi/after-cam-ready/compare_/compile_repair_output/logs/d244ab2fbb6d/01_flags_java8.log,1,No POM patch required
2ef4857f7324,https://github.com/apache/commons-collections,81e3a7ec0492148724da4512fcefcb47ba82894a,.,ID,2,REPAIRED,flags,8,/home/srafi/after-cam-ready/compare_/compile_repair_output/logs/2ef4857f7324/01_flags_java8.log,1,No POM patch required
a594eb31af0f,https://github.com/apache/cxf,69925893ed0e8a8fdfe1164b4e097a5cf5524027,core,OD-Brit | OD-Vic,10,REPAIRED,flags,8,/home/srafi/after-cam-ready/compare_/compile_repair_output/logs/a594eb31af0f/01_flags_java8.log,1,No POM patch required
efe0f0d57029,https://github.com/apache/dolphinscheduler,26b7541d954ba63deb37e89479ab4d648573e8ae,dolphinscheduler-spi,ID,1,REPAIRED,flags,8,/home/srafi/after-cam-ready/compare_/compile_repair_output/logs/efe0f0d57029/01_flags_java8.log,1,No POM patch required
4ae196d629cd,https://github.com/apache/druid,4b0d1b3488add75097532f25c8bbbcb35daa4987,processing,ID,12,REPAIRED,flags,8,/home/srafi/after-cam-ready/compare_/compile_repair_output/logs/4ae196d629cd/01_flags_java8.log,1,No POM patch required
3ddbab701e4f,https://github.com/apache/druid,ad32f8458670339808a3136a9578a10a52b8394f,extensions-core/histogram,ID,1,REPAIRED,flags,8,/home/srafi/after-cam-ready/compare_/compile_repair_output/logs/3ddbab701e4f/01_flags_java8.log,1,No POM patch required
d8aa2ac6a2e0,https://github.com/apache/druid,ad32f8458670339808a3136a9578a10a52b8394f,extensions-core/protobuf-extensions,ID,2,REPAIRED,flags,8,/home/srafi/after-cam-ready/compare_/compile_repair_output/logs/d8aa2ac6a2e0/01_flags_java8.log,1,No POM patch required
f0ab39436108,https://github.com/apache/druid,ad32f8458670339808a3136a9578a10a52b8394f,indexing-service,ID,1,REPAIRED,flags,8,/home/srafi/after-cam-ready/compare_/compile_repair_output/logs/f0ab39436108/01_flags_java8.log,1,No POM patch required
7aa4d398b37f,https://github.com/apache/dubbo,1f84cdcfede5ec9843ecebf39a25d9b995b8098b,dubbo-common,NIO;OD-Vic | OD-Vic,10,REPAIRED,flags,8,/home/srafi/after-cam-ready/compare_/compile_repair_output/logs/7aa4d398b37f/01_flags_java8.log,1,No POM patch required
5c9bf1548f45,https://github.com/apache/dubbo,5349c13a36d277a090e1dc68fbe7c3b46d78fc90,dubbo-common,OD-Vic,19,REPAIRED,flags,8,/home/srafi/after-cam-ready/compare_/compile_repair_output/logs/5c9bf1548f45/01_flags_java8.log,1,No POM patch required
abfa769340f3,https://github.com/apache/dubbo,737f7a7ea67832d7f17517326fb2491d0a086dd7,dubbo-cluster,NIO;OD-Vic,2,REPAIRED,flags,8,/home/srafi/after-cam-ready/compare_/compile_repair_output/logs/abfa769340f3/01_flags_java8.log,1,No POM patch required
1264c10e7397,https://github.com/apache/dubbo,737f7a7ea67832d7f17517326fb2491d0a086dd7,dubbo-common,NIO | OD | UD,10,REPAIRED,flags,8,/home/srafi/after-cam-ready/compare_/compile_repair_output/logs/1264c10e7397/01_flags_java8.log,1,No POM patch required
f8df40fbf294,https://github.com/apache/dubbo,737f7a7ea67832d7f17517326fb2491d0a086dd7,dubbo-config/dubbo-config-api,NIO,1,REPAIRED,flags,8,/home/srafi/after-cam-ready/compare_/compile_repair_output/logs/f8df40fbf294/01_flags_java8.log,1,No POM patch required
fe723910a595,https://github.com/apache/dubbo,737f7a7ea67832d7f17517326fb2491d0a086dd7,dubbo-registry/dubbo-registry-default,OD,3,REPAIRED,flags,8,/home/srafi/after-cam-ready/compare_/compile_repair_output/logs/fe723910a595/01_flags_java8.log,1,No POM patch required
8ddc5b6afa16,https://github.com/apache/dubbo,737f7a7ea67832d7f17517326fb2491d0a086dd7,dubbo-rpc/dubbo-rpc-api,NIO,4,REPAIRED,flags,8,/home/srafi/after-cam-ready/compare_/compile_repair_output/logs/8ddc5b6afa16/01_flags_java8.log,1,No POM patch required
c2b97e6382d0,https://github.com/apache/dubbo,737f7a7ea67832d7f17517326fb2491d0a086dd7,dubbo-serialization/dubbo-serialization-fst,OD-Vic,1,REPAIRED,flags,8,/home/srafi/after-cam-ready/compare_/compile_repair_output/logs/c2b97e6382d0/01_flags_java8.log,1,No POM patch required
18dad1592217,https://github.com/apache/dubbo-admin,efb7a8d92f5e3c38e7f29c25d3793b00583a113e,.,ID,1,REPAIRED,flags,8,/home/srafi/after-cam-ready/compare_/compile_repair_output/logs/18dad1592217/01_flags_java8.log,1,No POM patch required
8fa3348d5009,https://github.com/apache/flink,23c9b5ac50d04d28a34a87c78eb2d3331c06b74b,flink-runtime,ID,1,REPAIRED,flags,8,/home/srafi/after-cam-ready/compare_/compile_repair_output/logs/8fa3348d5009/01_flags_java8.log,1,No POM patch required
4a0924e7ca6c,https://github.com/apache/flink,23c9b5ac50d04d28a34a87c78eb2d3331c06b74b,flink-streaming-java,ID,4,REPAIRED,flags,8,/home/srafi/after-cam-ready/compare_/compile_repair_output/logs/4a0924e7ca6c/01_flags_java8.log,1,No POM patch required
4f5906e36967,https://github.com/apache/hadoop,14cd969b6ea1898e9db6eeb9ea5292ec4558a706,hadoop-common-project/hadoop-common,ID,3,REPAIRED,flags,8,/home/srafi/after-cam-ready/compare_/compile_repair_output/logs/4f5906e36967/01_flags_java8.log,1,No POM patch required
c0046a06cabb,https://github.com/apache/hadoop,a585a73c3e02ac62350c136643a5e7f6095a3dbb,hadoop-hdfs-project/hadoop-hdfs-nfs,OD,1,REPAIRED,flags,8,/home/srafi/after-cam-ready/compare_/compile_repair_output/logs/c0046a06cabb/01_flags_java8.log,1,No POM patch required
981b48b0e8a8,https://github.com/apache/hadoop,cc2babc1f75c93bf89a8f10da525f944c15d02ea,hadoop-hdfs-project/hadoop-hdfs-nfs,NIO;OD-Vic | OD-Vic,20,REPAIRED,flags,8,/home/srafi/after-cam-ready/compare_/compile_repair_output/logs/981b48b0e8a8/01_flags_java8.log,1,No POM patch required
b6153049a4e6,https://github.com/apache/hadoop,cc2babc1f75c93bf89a8f10da525f944c15d02ea,hadoop-mapreduce-project/hadoop-mapreduce-client/hadoop-mapreduce-client-app,NIO,1,REPAIRED,flags,8,/home/srafi/after-cam-ready/compare_/compile_repair_output/logs/b6153049a4e6/01_flags_java8.log,1,No POM patch required
29959662b5d8,https://github.com/apache/hadoop,cc2babc1f75c93bf89a8f10da525f944c15d02ea,hadoop-mapreduce-project/hadoop-mapreduce-client/hadoop-mapreduce-client-jobclient,NIO,1,REPAIRED,flags,8,/home/srafi/after-cam-ready/compare_/compile_repair_output/logs/29959662b5d8/01_flags_java8.log,1,No POM patch required
783a8f9e1afb,https://github.com/apache/hbase,801fc05e9c082ab12c7c1207087d3667ab162d1a,hbase-server,NIO,1,REPAIRED,flags,8,/home/srafi/after-cam-ready/compare_/compile_repair_output/logs/783a8f9e1afb/01_flags_java8.log,1,No POM patch required
2b2f0787acde,https://github.com/apache/helix,917b786e4da9a615c5177f27256e170feae2298f,helix-rest,ID,3,REPAIRED,flags,8,/home/srafi/after-cam-ready/compare_/compile_repair_output/logs/2b2f0787acde/01_flags_java8.log,1,No POM patch required
35fb62fffdd4,https://github.com/apache/hive,90fa9064f2c6907fbe6237cb46d5937eebd8ea31,serde,ID,2,REPAIRED,flags,8,/home/srafi/after-cam-ready/compare_/compile_repair_output/logs/35fb62fffdd4/01_flags_java8.log,1,No POM patch required
b12e8223f614,https://github.com/apache/hive,ecdac363e042200d85bb8b894aa20d91a1642a18,serde,ID,1,REPAIRED,flags,8,/home/srafi/after-cam-ready/compare_/compile_repair_output/logs/b12e8223f614/01_flags_java8.log,1,No POM patch required
a18505f443aa,https://github.com/apache/ignite-3,a1aa7fd4e2398c72827777ec5417d67915ff4da3,modules/cli,ID,1,REPAIRED,flags,11,/home/srafi/after-cam-ready/compare_/compile_repair_output/logs/a18505f443aa/02_flags_java11.log,2,No POM patch required
2b31858cf06c,https://github.com/apache/ignite-3,a1aa7fd4e2398c72827777ec5417d67915ff4da3,modules/storage-rocksdb,ID,2,REPAIRED,flags,11,/home/srafi/after-cam-ready/compare_/compile_repair_output/logs/2b31858cf06c/02_flags_java11.log,2,No POM patch required
2293113fddae,https://github.com/apache/incubator-kie-drools,45c3b2105ae89134e98a5d5be6adbc8d0fd65853,drools-beliefs,ID,2,REPAIRED,flags,17,/home/srafi/after-cam-ready/compare_/compile_repair_output/logs/2293113fddae/03_flags_java17.log,3,No POM patch required
de6ead81295f,https://github.com/apache/incubator-ratis,bc9d7615d8ffa30e79a36b9fd1950af38f0f6a49,ratis-server,OD,2,REPAIRED,snapshot,8,/home/srafi/after-cam-ready/compare_/compile_repair_output/logs/de6ead81295f/07_snapshot_java8.log,7,/home/srafi/after-cam-ready/compare_/compile_repair_output/patches/de6ead81295f.patch
5329b9395ff8,https://github.com/apache/incubator-shardingsphere,038232e9b2f7fb22ccf50c04b74fb900732b345d,sharding-core/sharding-core-common,ID,1,REPAIRED,flags,8,/home/srafi/after-cam-ready/compare_/compile_repair_output/logs/5329b9395ff8/01_flags_java8.log,1,No POM patch required
3579da58ba72,https://github.com/apache/incubator-shardingsphere,038232e9b2f7fb22ccf50c04b74fb900732b345d,sharding-jdbc/sharding-jdbc-core,ID,2,REPAIRED,flags,8,/home/srafi/after-cam-ready/compare_/compile_repair_output/logs/3579da58ba72/01_flags_java8.log,1,No POM patch required
91a2a52dffbf,https://github.com/apache/iotdb,25a98ee165131047cda93dc92203db2ab9aecbc8,zeppelin-interpreter,ID,1,REPAIRED,flags,8,/home/srafi/after-cam-ready/compare_/compile_repair_output/logs/91a2a52dffbf/01_flags_java8.log,1,No POM patch required
ffbcd0261402,https://github.com/apache/jackrabbit-oak,08eab301c869c227d8721da0e9b9bd3d2029d458,oak-store-document,ID,1,REPAIRED,flags,8,/home/srafi/after-cam-ready/compare_/compile_repair_output/logs/ffbcd0261402/01_flags_java8.log,1,No POM patch required
4f386118e204,https://github.com/apache/jena,fc01d33e6c11eed68784f820bf2dd161868d1d37,jena-arq,ID,2,REPAIRED,flags,17,/home/srafi/after-cam-ready/compare_/compile_repair_output/logs/4f386118e204/03_flags_java17.log,3,No POM patch required
57b19bd5b309,https://github.com/apache/linkis,2b47014684a0f8b2491fa5b90410e10537fcfaa6,linkis-commons,ID,1,REPAIRED,flags,8,/home/srafi/after-cam-ready/compare_/compile_repair_output/logs/57b19bd5b309/01_flags_java8.log,1,No POM patch required
e2a0d43b6025,https://github.com/apache/myfaces-tobago,0d28540daca8429d410712b77b1386042bf90a45,tobago-core,ID,2,REPAIRED,flags,17,/home/srafi/after-cam-ready/compare_/compile_repair_output/logs/e2a0d43b6025/03_flags_java17.log,3,No POM patch required
4672c8e650f6,https://github.com/apache/nifi,2bd752d868a8f3e36113b078bb576cf054e945e8,nifi-nar-bundles/nifi-azure-bundle/nifi-azure-reporting-task,ID,1,REPAIRED,flags,8,/home/srafi/after-cam-ready/compare_/compile_repair_output/logs/4672c8e650f6/01_flags_java8.log,1,No POM patch required
4a407c968d52,https://github.com/apache/nifi,2bd752d868a8f3e36113b078bb576cf054e945e8,nifi-nar-bundles/nifi-cybersecurity-bundle/nifi-cybersecurity-processors,ID,2,REPAIRED,flags,8,/home/srafi/after-cam-ready/compare_/compile_repair_output/logs/4a407c968d52/01_flags_java8.log,1,No POM patch required
aba19ee70dfb,https://github.com/apache/nifi,2bd752d868a8f3e36113b078bb576cf054e945e8,nifi-nar-bundles/nifi-framework-bundle/nifi-framework/nifi-framework-cluster,ID,2,REPAIRED,flags,8,/home/srafi/after-cam-ready/compare_/compile_repair_output/logs/aba19ee70dfb/01_flags_java8.log,1,No POM patch required
dc2ed046b035,https://github.com/apache/nifi,2bd752d868a8f3e36113b078bb576cf054e945e8,nifi-nar-bundles/nifi-hbase-bundle/nifi-hbase-processors,ID,2,REPAIRED,flags,8,/home/srafi/after-cam-ready/compare_/compile_repair_output/logs/dc2ed046b035/01_flags_java8.log,1,No POM patch required
39f67a4586d1,https://github.com/apache/nifi,2bd752d868a8f3e36113b078bb576cf054e945e8,nifi-nar-bundles/nifi-prometheus-bundle/nifi-prometheus-reporting-task,ID,1,REPAIRED,flags,8,/home/srafi/after-cam-ready/compare_/compile_repair_output/logs/39f67a4586d1/01_flags_java8.log,1,No POM patch required
a1b954f3eb4f,https://github.com/apache/nifi,2bd752d868a8f3e36113b078bb576cf054e945e8,nifi-nar-bundles/nifi-solr-bundle/nifi-solr-processors,ID,1,REPAIRED,flags,8,/home/srafi/after-cam-ready/compare_/compile_repair_output/logs/a1b954f3eb4f/01_flags_java8.log,1,No POM patch required
ff8dbfa98026,https://github.com/apache/nifi,2bd752d868a8f3e36113b078bb576cf054e945e8,nifi-nar-bundles/nifi-splunk-bundle/nifi-splunk-processors,ID,2,REPAIRED,flags,8,/home/srafi/after-cam-ready/compare_/compile_repair_output/logs/ff8dbfa98026/01_flags_java8.log,1,No POM patch required
6365a984e536,https://github.com/apache/nifi,2bd752d868a8f3e36113b078bb576cf054e945e8,nifi-nar-bundles/nifi-standard-bundle/nifi-standard-processors,ID,8,REPAIRED,flags,8,/home/srafi/after-cam-ready/compare_/compile_repair_output/logs/6365a984e536/01_flags_java8.log,1,No POM patch required
ad62a0348e90,https://github.com/apache/nifi,2bd752d868a8f3e36113b078bb576cf054e945e8,nifi-nar-bundles/nifi-standard-services/nifi-distributed-cache-services-bundle/nifi-distributed-cache-server,ID,1,REPAIRED,flags,8,/home/srafi/after-cam-ready/compare_/compile_repair_output/logs/ad62a0348e90/01_flags_java8.log,1,No POM patch required
8cdb98a3c38a,https://github.com/apache/nifi,2bd752d868a8f3e36113b078bb576cf054e945e8,nifi-nar-bundles/nifi-standard-services/nifi-hbase_1_1_2-client-service-bundle/nifi-hbase_1_1_2-client-service,ID,1,REPAIRED,flags,8,/home/srafi/after-cam-ready/compare_/compile_repair_output/logs/8cdb98a3c38a/01_flags_java8.log,1,No POM patch required
fed608ebd157,https://github.com/apache/nifi,2bd752d868a8f3e36113b078bb576cf054e945e8,nifi-nar-bundles/nifi-standard-services/nifi-record-serialization-services-bundle/nifi-record-serialization-services,ID,2,REPAIRED,flags,8,/home/srafi/after-cam-ready/compare_/compile_repair_output/logs/fed608ebd157/01_flags_java8.log,1,No POM patch required
4eb1413bc890,https://github.com/apache/nifi,5f1d93f977b3702b63c72d7e07af7dc820a2fc70,nifi-nar-bundles/nifi-standard-services/nifi-record-serialization-services-bundle/nifi-record-serialization-services,ID,1,REPAIRED,flags,8,/home/srafi/after-cam-ready/compare_/compile_repair_output/logs/4eb1413bc890/01_flags_java8.log,1,No POM patch required
7faea3e06680,https://github.com/apache/nifi,6b188636ff45c0380b6d3a08149ea5b342e8e5aa,nifi-nar-bundles/nifi-standard-services/nifi-record-serialization-services-bundle/nifi-record-serialization-services,ID,6,REPAIRED,flags,8,/home/srafi/after-cam-ready/compare_/compile_repair_output/logs/7faea3e06680/01_flags_java8.log,1,No POM patch required
dc1719f24a34,https://github.com/apache/olingo-odata2,daa83f4d80f3eb8019ae2cb6729486d1821b8c89,odata2-jpa-processor/jpa-core,ID,1,REPAIRED,flags,8,/home/srafi/after-cam-ready/compare_/compile_repair_output/logs/dc1719f24a34/01_flags_java8.log,1,No POM patch required
af7ff0052f59,https://github.com/apache/opennlp,dab19af803e9139b57b972eb4e1af4c978d2ff3f,opennlp-tools,ID,3,REPAIRED,flags,17,/home/srafi/after-cam-ready/compare_/compile_repair_output/logs/af7ff0052f59/03_flags_java17.log,3,No POM patch required
d8844a4d5453,https://github.com/apache/pinot,85e413ebe8c80513a8a676fc090b1af0f50861f0,pinot-common,ID,2,REPAIRED,flags,11,/home/srafi/after-cam-ready/compare_/compile_repair_output/logs/d8844a4d5453/02_flags_java11.log,2,No POM patch required
3508a6e6cad2,https://github.com/apache/pinot,98c536ee80516effc6fe2df642a07c8b05962532,pinot-core,ID,1,REPAIRED,flags,11,/home/srafi/after-cam-ready/compare_/compile_repair_output/logs/3508a6e6cad2/02_flags_java11.log,2,No POM patch required
4b0a56842621,https://github.com/apache/pinot,ecf41be2ecd007853c2db19e1c6a038cf356cb9e,pinot-core,ID,15,REPAIRED,flags,11,/home/srafi/after-cam-ready/compare_/compile_repair_output/logs/4b0a56842621/02_flags_java11.log,2,No POM patch required
8be17d30ea63,https://github.com/apache/pinot,f79b618141e07c140663791959d96956ad91d811,pinot-common,ID,1,REPAIRED,flags,11,/home/srafi/after-cam-ready/compare_/compile_repair_output/logs/8be17d30ea63/02_flags_java11.log,2,No POM patch required
41fa59f97307,https://github.com/apache/sedona,1bf3fea03038f3a4aaf97de9aa8e4e646385db64,common,ID,1,REPAIRED,flags,8,/home/srafi/after-cam-ready/compare_/compile_repair_output/logs/41fa59f97307/01_flags_java8.log,1,No POM patch required
4ac7dfe6a37d,https://github.com/apache/servicecomb-java-chassis,0eebf529ce50b443e5023c55b1a24b90d1873cec,clients/config-center-client,ID,3,REPAIRED,flags,8,/home/srafi/after-cam-ready/compare_/compile_repair_output/logs/4ac7dfe6a37d/01_flags_java8.log,1,No POM patch required
fd649355b568,https://github.com/apache/servicecomb-java-chassis,68bdb78926654b6a15dd12ade8c0533c0e704528,common/common-rest,ID,1,REPAIRED,flags,8,/home/srafi/after-cam-ready/compare_/compile_repair_output/logs/fd649355b568/01_flags_java8.log,1,No POM patch required
3626330e2f53,https://github.com/apache/servicecomb-java-chassis,68bdb78926654b6a15dd12ade8c0533c0e704528,core,ID,1,REPAIRED,flags,8,/home/srafi/after-cam-ready/compare_/compile_repair_output/logs/3626330e2f53/01_flags_java8.log,1,No POM patch required
ccaa47218755,https://github.com/apache/servicecomb-java-chassis,eb2961c6b4339c1c34622241cfb5f730fcd35a13,swagger/swagger-generator,ID,1,REPAIRED,flags,8,/home/srafi/after-cam-ready/compare_/compile_repair_output/logs/ccaa47218755/01_flags_java8.log,1,No POM patch required
5ff895909705,https://github.com/apache/shardingsphere,8ffe2bb86b6da9f9c9053fb5cce28cb5b5b660db,proxy/backend,ID,2,REPAIRED,flags,8,/home/srafi/after-cam-ready/compare_/compile_repair_output/logs/5ff895909705/01_flags_java8.log,1,No POM patch required
4ad6f1b9aad4,https://github.com/apache/shardingsphere-elasticjob,b022898ef1b8c984e17efb2a422ee45f6b13e46e,elastic-job-lite-core,NIO | OD,5,REPAIRED,flags,8,/home/srafi/after-cam-ready/compare_/compile_repair_output/logs/4ad6f1b9aad4/01_flags_java8.log,1,No POM patch required
b3ebf0b955a6,https://github.com/apache/shenyu,10375c5204c67f9889235f19fe2d6e8eb0438a5a,shenyu-client/shenyu-client-http/shenyu-client-springmvc,OD,4,REPAIRED,flags,8,/home/srafi/after-cam-ready/compare_/compile_repair_output/logs/b3ebf0b955a6/01_flags_java8.log,1,No POM patch required
2739eb8b002c,https://github.com/apache/shenyu,22546ae0e6a4047ee08bf4a41f9114f47ba57e19,shenyu-admin,ID,1,REPAIRED,flags,8,/home/srafi/after-cam-ready/compare_/compile_repair_output/logs/2739eb8b002c/01_flags_java8.log,1,No POM patch required
c4b1d0cf4c70,https://github.com/apache/skywalking,edf0bce37f682c093d1ea5bcca0a6d2d1ecc2cc4,apm-commons/apm-datacarrier,OD,2,REPAIRED,flags,8,/home/srafi/after-cam-ready/compare_/compile_repair_output/logs/c4b1d0cf4c70/01_flags_java8.log,1,No POM patch required
752ba816ebb4,https://github.com/Apache/Struts,13d9053050c9e4fb2ef049db6a37d3f6eebf48fa,plugins/json,ID,2,REPAIRED,flags,8,/home/srafi/after-cam-ready/compare_/compile_repair_output/logs/752ba816ebb4/01_flags_java8.log,1,No POM patch required
d7918a131561,https://github.com/Apache/Struts,13d9053050c9e4fb2ef049db6a37d3f6eebf48fa,plugins/portlet,OD-Vic,4,REPAIRED,flags,8,/home/srafi/after-cam-ready/compare_/compile_repair_output/logs/d7918a131561/01_flags_java8.log,1,No POM patch required
ac9b898e2dad,https://github.com/apache/tika,1e67ef16f7b735c27114256d8ad7469248e501f2,tika-parsers/tika-parsers-standard/tika-parsers-standard-modules/tika-parser-microsoft-module,ID,1,REPAIRED,flags,8,/home/srafi/after-cam-ready/compare_/compile_repair_output/logs/ac9b898e2dad/01_flags_java8.log,1,No POM patch required
4c1637432a3b,https://github.com/apache/tika,d2c435311a57a9ac406a26d14cafcf685aba874b,tika-core,ID,1,REPAIRED,flags,8,/home/srafi/after-cam-ready/compare_/compile_repair_output/logs/4c1637432a3b/01_flags_java8.log,1,No POM patch required
f5dbbc03fe1a,https://github.com/apache/tinkerpop,8bfdf50778e29d98c6554a01688fc5cc34524522,gremlin-core,ID,4,REPAIRED,flags,8,/home/srafi/after-cam-ready/compare_/compile_repair_output/logs/f5dbbc03fe1a/01_flags_java8.log,1,No POM patch required
7528221ed06d,https://github.com/apache/tinkerpop,cb366cd86fa036122cc48af76866a0c2a413a83e,gremlin-core,ID,1,REPAIRED,flags,8,/home/srafi/after-cam-ready/compare_/compile_repair_output/logs/7528221ed06d/01_flags_java8.log,1,No POM patch required
68a3a1cee20e,https://github.com/apache/tinkerpop,d484001b44f9f8feb0eed2e058f4a5cb9528d766,gremlin-core,ID,5,REPAIRED,flags,8,/home/srafi/after-cam-ready/compare_/compile_repair_output/logs/68a3a1cee20e/01_flags_java8.log,1,No POM patch required
82c0f9ed774b,https://github.com/authorjapps/zerocode,6ef5f20eaff6a8bad3713b4aee6a482cdbd6e256,core,ID,1,REPAIRED,flags,8,/home/srafi/after-cam-ready/compare_/compile_repair_output/logs/82c0f9ed774b/01_flags_java8.log,1,No POM patch required
eba4a6406d50,https://github.com/aws/aws-dynamodb-encryption-java,66c679bd705a9dd64b6c05fe2bf71ba5a27e84c1,.,ID,2,REPAIRED,flags,8,/home/srafi/after-cam-ready/compare_/compile_repair_output/logs/eba4a6406d50/01_flags_java8.log,1,No POM patch required
456eeb08f2b0,https://github.com/AxonFramework/AxonFramework,e9809cbd5bb1f32b39d9e7408de1c8c395411350,messaging,ID,3,REPAIRED,flags,8,/home/srafi/after-cam-ready/compare_/compile_repair_output/logs/456eeb08f2b0/01_flags_java8.log,1,No POM patch required
98740eccdc40,https://github.com/biojava/biojava,65ad15fe58dcedd258fee1c14505e424c8536efc,biojava-structure,ID;NOD,1,REPAIRED,flags,8,/home/srafi/after-cam-ready/compare_/compile_repair_output/logs/98740eccdc40/01_flags_java8.log,1,No POM patch required
70537dbed066,https://github.com/CloudSlang/cloud-slang,76b733019b362f551481f1bdc78ed2eac73b1bd4,cloudslang-runtime,ID,1,REPAIRED,flags,8,/home/srafi/after-cam-ready/compare_/compile_repair_output/logs/70537dbed066/01_flags_java8.log,1,No POM patch required
6cc925c13a97,https://github.com/ConsenSys/tessera,ecdd1a2ce6412c11a8ae722d7a4527a4a66da688,eclipselink-utils,OD,3,REPAIRED,flags,11,/home/srafi/after-cam-ready/compare_/compile_repair_output/logs/6cc925c13a97/02_flags_java11.log,2,No POM patch required
829465e3dd48,https://github.com/ConsenSys/tessera,ecdd1a2ce6412c11a8ae722d7a4527a4a66da688,tessera-partyinfo,OD,3,REPAIRED,flags,11,/home/srafi/after-cam-ready/compare_/compile_repair_output/logs/829465e3dd48/02_flags_java11.log,2,No POM patch required
0e095efa1b61,https://github.com/ctco/cukes,b483e1a8f261b80a66291a42fc455256b0b5059c,cukes-http,OD-Vic,1,REPAIRED,flags,8,/home/srafi/after-cam-ready/compare_/compile_repair_output/logs/0e095efa1b61/01_flags_java8.log,1,No POM patch required
5365897aa778,https://github.com/cucumber/cucumber-jvm,1a6c5a6052ce1354cb34731c75a29991b9d06818,cucumber-core,ID,4,REPAIRED,flags,11,/home/srafi/after-cam-ready/compare_/compile_repair_output/logs/5365897aa778/02_flags_java11.log,2,No POM patch required
50fde10d3824,https://github.com/dromara/hertzbeat,ce75254b8ec18422c48c40fe61354135d08b200d,collector,ID,2,REPAIRED,flags,11,/home/srafi/after-cam-ready/compare_/compile_repair_output/logs/50fde10d3824/02_flags_java11.log,2,No POM patch required
80968c5590f2,https://github.com/dromara/hutool,12969f248329f81f76eb5bece8c718ac1c63f7b1,hutool-core,OD,2,REPAIRED,flags,8,/home/srafi/after-cam-ready/compare_/compile_repair_output/logs/80968c5590f2/01_flags_java8.log,1,No POM patch required
572cdc960ab5,https://github.com/dromara/hutool,12969f248329f81f76eb5bece8c718ac1c63f7b1,hutool-json,OD,1,REPAIRED,flags,8,/home/srafi/after-cam-ready/compare_/compile_repair_output/logs/572cdc960ab5/01_flags_java8.log,1,No POM patch required
6f7d727dd2d7,https://github.com/dromara/hutool,ec14f8384ad384fb6e054df722fe089d64af0c41,hutool-core,ID,1,REPAIRED,flags,8,/home/srafi/after-cam-ready/compare_/compile_repair_output/logs/6f7d727dd2d7/01_flags_java8.log,1,No POM patch required
e3ab3ee41654,https://github.com/dropwizard/dropwizard,07dfaed697427e208d65049f80a5d1949833b7cd,dropwizard-e2e,ID,3,REPAIRED,flags,8,/home/srafi/after-cam-ready/compare_/compile_repair_output/logs/e3ab3ee41654/01_flags_java8.log,1,No POM patch required
981774a7cd52,https://github.com/dropwizard/dropwizard,07dfaed697427e208d65049f80a5d1949833b7cd,dropwizard-logging,OD-Vic,1,REPAIRED,flags,8,/home/srafi/after-cam-ready/compare_/compile_repair_output/logs/981774a7cd52/01_flags_java8.log,1,No POM patch required
d59652e49743,https://github.com/dropwizard/dropwizard,df39fdeed1d14f7b014a22db59b06bfd4e562edd,dropwizard-health,ID,3,REPAIRED,flags,8,/home/srafi/after-cam-ready/compare_/compile_repair_output/logs/d59652e49743/01_flags_java8.log,1,No POM patch required
7eb0aad28dc1,https://github.com/eBay/mTracker,dbead631bb0e8cacbb4448fef7aa2fe3aefc034b,core,ID | NIO,3,REPAIRED,flags,8,/home/srafi/after-cam-ready/compare_/compile_repair_output/logs/7eb0aad28dc1/01_flags_java8.log,1,No POM patch required
c30e51af928b,https://github.com/ebean-orm/ebean,51d0f4efcc207a5c81eba432fdf2fa9443100dc2,ebean-api,ID,1,REPAIRED,flags,11,/home/srafi/after-cam-ready/compare_/compile_repair_output/logs/c30e51af928b/02_flags_java11.log,2,No POM patch required
0f0b958b9c64,https://github.com/eclipse-ee4j/tyrus,d86e0cb0a4f26ba89daf8668137c156e57fea565,tests/e2e/non-deployable,NIO,1,REPAIRED,flags,8,/home/srafi/after-cam-ready/compare_/compile_repair_output/logs/0f0b958b9c64/01_flags_java8.log,1,No POM patch required
6d784f242f12,https://github.com/Ericsson/ecchronos,5d58b0e4c922822c9df3d893fff2246d5784b11f,core,ID,1,REPAIRED,flags,8,/home/srafi/after-cam-ready/compare_/compile_repair_output/logs/6d784f242f12/01_flags_java8.log,1,No POM patch required
c57bc3bc6e83,https://github.com/espertechinc/esper,50eddcdc2e7894de20309cd0b6f585110e4bc61b,common,ID,5,REPAIRED,flags,8,/home/srafi/after-cam-ready/compare_/compile_repair_output/logs/c57bc3bc6e83/01_flags_java8.log,1,No POM patch required
6930c927b14d,https://github.com/espertechinc/esper,590fa9c9eb854f1420b9d337b802aca19f963cc0,regression-run,ID,1,REPAIRED,flags,8,/home/srafi/after-cam-ready/compare_/compile_repair_output/logs/6930c927b14d/01_flags_java8.log,1,No POM patch required
49f640664625,https://github.com/FasterXML/jackson-annotations,381d6abcefd0e5fd19529f244173313b7f91954f,.,ID,1,REPAIRED,snapshot,8,/home/srafi/after-cam-ready/compare_/compile_repair_output/logs/49f640664625/07_snapshot_java8.log,7,/home/srafi/after-cam-ready/compare_/compile_repair_output/patches/49f640664625.patch
2387203f1b5b,https://github.com/FasterXML/jackson-databind,cd3c6a9dd929820d4fc32457f4861fb5c5893f97,.,ID,1,REPAIRED,snapshot,8,/home/srafi/after-cam-ready/compare_/compile_repair_output/logs/2387203f1b5b/07_snapshot_java8.log,7,/home/srafi/after-cam-ready/compare_/compile_repair_output/patches/2387203f1b5b.patch
41c9ec5f8f00,https://github.com/FasterXML/jackson-dataformat-xml,6f6ee8d4ad1f71e3db99af5b20cae4daab3457db,.,ID,1,REPAIRED,snapshot,8,/home/srafi/after-cam-ready/compare_/compile_repair_output/logs/41c9ec5f8f00/07_snapshot_java8.log,7,/home/srafi/after-cam-ready/compare_/compile_repair_output/patches/41c9ec5f8f00.patch
d8b8ce939e1f,https://github.com/FasterXML/jackson-dataformat-xml,f5cc10a910b153ec9f162c6d212212b39bfc889d,.,ID,1,REPAIRED,snapshot,8,/home/srafi/after-cam-ready/compare_/compile_repair_output/logs/d8b8ce939e1f/07_snapshot_java8.log,7,/home/srafi/after-cam-ready/compare_/compile_repair_output/patches/d8b8ce939e1f.patch
a198382cc22b,https://github.com/FasterXML/jackson-jakarta-rs-providers,f3e98a564d3f194c0e68136c9ece157fb30723dc,base,ID,2,REPAIRED,snapshot,8,/home/srafi/after-cam-ready/compare_/compile_repair_output/logs/a198382cc22b/07_snapshot_java8.log,7,/home/srafi/after-cam-ready/compare_/compile_repair_output/patches/a198382cc22b.patch
cbe188c48260,https://github.com/FasterXML/jackson-jaxrs-providers,2b70478103b0bd3f9633e088a7e050942ea56c97,json,ID,1,REPAIRED,snapshot,8,/home/srafi/after-cam-ready/compare_/compile_repair_output/logs/cbe188c48260/07_snapshot_java8.log,7,/home/srafi/after-cam-ready/compare_/compile_repair_output/patches/cbe188c48260.patch
b567d09bfcdf,https://github.com/FasterXML/jackson-module-jsonSchema,69d682d794e47433b3f8e6ad586562ee2ab948b3,.,ID,5,REPAIRED,snapshot,8,/home/srafi/after-cam-ready/compare_/compile_repair_output/logs/b567d09bfcdf/07_snapshot_java8.log,7,/home/srafi/after-cam-ready/compare_/compile_repair_output/patches/b567d09bfcdf.patch
918a4f52a635,https://github.com/FasterXML/java-classmate,912adde71f67719c7b1ed7df3c7ba28e8ba97876,.,ID,1,REPAIRED,flags,8,/home/srafi/after-cam-ready/compare_/compile_repair_output/logs/918a4f52a635/01_flags_java8.log,1,No POM patch required
04a777766092,https://github.com/fhoeben/hsac-fitnesse-fixtures,a64c18d9c4bac8271275c7b089d40be20f0604b5,.,ID | OD-Brit,11,REPAIRED,flags,8,/home/srafi/after-cam-ready/compare_/compile_repair_output/logs/04a777766092/01_flags_java8.log,1,No POM patch required
846bbab8825c,https://github.com/flowable/flowable-engine,399ab58c5c29b2437c56f5418d8610bc3fb3381d,modules/flowable-cmmn-engine,ID,5,REPAIRED,flags,8,/home/srafi/after-cam-ready/compare_/compile_repair_output/logs/846bbab8825c/01_flags_java8.log,1,No POM patch required
33f9e6ef92e6,https://github.com/flowable/flowable-engine,399ab58c5c29b2437c56f5418d8610bc3fb3381d,modules/flowable-engine,ID,2,REPAIRED,flags,8,/home/srafi/after-cam-ready/compare_/compile_repair_output/logs/33f9e6ef92e6/01_flags_java8.log,1,No POM patch required
1a4483f87033,https://github.com/GoogleCloudPlatform/DataflowTemplates,5094c7b39de511c9ed441d9fde28553a88f68e4b,.,ID,1,REPAIRED,flags,8,/home/srafi/after-cam-ready/compare_/compile_repair_output/logs/1a4483f87033/01_flags_java8.log,1,No POM patch required
54e104517422,https://github.com/Graylog2/graylog2-server,87d63f677759336987fbb21fd9c688235618e7bb,graylog2-server,ID,2,REPAIRED,flags,8,/home/srafi/after-cam-ready/compare_/compile_repair_output/logs/54e104517422/01_flags_java8.log,1,No POM patch required
51fed04d291a,https://github.com/hellokaton/30-seconds-of-java8,1af5d4dee567f00e662cb9b74abc16067312e338,.,ID,1,REPAIRED,flags,8,/home/srafi/after-cam-ready/compare_/compile_repair_output/logs/51fed04d291a/01_flags_java8.log,1,No POM patch required
0aa6aeea51c4,https://github.com/hexagonframework/spring-data-ebean,dd11b97654982403b50dd1d5369cadad71fce410,.,OD-Brit,1,REPAIRED,flags,8,/home/srafi/after-cam-ready/compare_/compile_repair_output/logs/0aa6aeea51c4/01_flags_java8.log,1,No POM patch required
ecd9c4393d07,https://github.com/hydromatic/morel,b3ce1d8ba7351ba6fb0dceeaf30288451fe5bf7d,.,ID,2,REPAIRED,flags,11,/home/srafi/after-cam-ready/compare_/compile_repair_output/logs/ecd9c4393d07/02_flags_java11.log,2,No POM patch required
4e13fbc1e697,https://github.com/j256/ormlite-core,632b87c2a455b8eab4a6c09324e1f166273588d8,.,OD-Vic,1,REPAIRED,flags,8,/home/srafi/after-cam-ready/compare_/compile_repair_output/logs/4e13fbc1e697/01_flags_java8.log,1,No POM patch required
382b61c79472,https://github.com/j256/ormlite-core,f75ab557d902b11a7ae320e713c3a7fd5ba1f117,.,ID,2,REPAIRED,flags,8,/home/srafi/after-cam-ready/compare_/compile_repair_output/logs/382b61c79472/01_flags_java8.log,1,No POM patch required
b4e289c710cb,https://github.com/jdereg/java-util,245458a912e04bf85116b10f240e7b4be217cd4f,.,ID,1,REPAIRED,flags,8,/home/srafi/after-cam-ready/compare_/compile_repair_output/logs/b4e289c710cb/01_flags_java8.log,1,No POM patch required
c8a12637bbba,https://github.com/jetty/jetty.project,9cede68b355515e1cf8802fd1fcf67aa7547aad1,jetty-server,ID,2,REPAIRED,flags,8,/home/srafi/after-cam-ready/compare_/compile_repair_output/logs/c8a12637bbba/01_flags_java8.log,1,No POM patch required
0e0dfaf295e8,https://github.com/jnr/jnr-posix,dbda72ce198a8dd766c30c591d63d726d2a28a7c,.,OD,5,REPAIRED,flags,8,/home/srafi/after-cam-ready/compare_/compile_repair_output/logs/0e0dfaf295e8/01_flags_java8.log,1,No POM patch required
fe9a72975c54,https://github.com/kiegroup/optaplanner,dff7457cb5ba1557727deddef5b675dd00fbf8a8,optaplanner-core,ID,2,REPAIRED,flags,8,/home/srafi/after-cam-ready/compare_/compile_repair_output/logs/fe9a72975c54/01_flags_java8.log,1,No POM patch required
c28c0a480331,https://github.com/Kong/unirest-java,36e7480d619507b8e96b10645a7ca72c0279832b,unirest,ID,1,REPAIRED,flags,8,/home/srafi/after-cam-ready/compare_/compile_repair_output/logs/c28c0a480331/01_flags_java8.log,1,No POM patch required
a0a56400dcf5,https://github.com/kubernetes-client/java,e19a0ecbc9af258c43b486843df139c8ec8f117e,spring,OD,1,REPAIRED,flags,8,/home/srafi/after-cam-ready/compare_/compile_repair_output/logs/a0a56400dcf5/01_flags_java8.log,1,No POM patch required
28ca63d34a2c,https://github.com/microsoft/botbuilder-java,c048de28cc11d4250014d042fb57e57a1c6bdba5,libraries/bot-connector,ID,4,REPAIRED,flags,8,/home/srafi/after-cam-ready/compare_/compile_repair_output/logs/28ca63d34a2c/01_flags_java8.log,1,No POM patch required
7e961e5dd490,https://github.com/mock-server/mockserver,3009f363b84df6a0ba377e72f6cff6ce204af0e8,mockserver-core,ID,9,REPAIRED,flags,8,/home/srafi/after-cam-ready/compare_/compile_repair_output/logs/7e961e5dd490/01_flags_java8.log,1,No POM patch required
d6b8d980ac03,https://github.com/nationalsecurityagency/timely,3a8cbd3378cffdc96aad1c52e9b0b2e1481ca45f,server,ID,4,REPAIRED,flags,8,/home/srafi/after-cam-ready/compare_/compile_repair_output/logs/d6b8d980ac03/01_flags_java8.log,1,No POM patch required
fe0f5c74ce7d,https://github.com/networknt/light-4j,75ad2d415c51d7b6475f1d270a66949609b125d5,audit,ID,1,REPAIRED,flags,8,/home/srafi/after-cam-ready/compare_/compile_repair_output/logs/fe0f5c74ce7d/01_flags_java8.log,1,No POM patch required
933d85c96213,https://github.com/networknt/light-4j,75ad2d415c51d7b6475f1d270a66949609b125d5,body,ID,1,REPAIRED,flags,8,/home/srafi/after-cam-ready/compare_/compile_repair_output/logs/933d85c96213/01_flags_java8.log,1,No POM patch required
d7bd0733cc54,https://github.com/networknt/light-4j,75ad2d415c51d7b6475f1d270a66949609b125d5,header,ID,1,REPAIRED,flags,8,/home/srafi/after-cam-ready/compare_/compile_repair_output/logs/d7bd0733cc54/01_flags_java8.log,1,No POM patch required
faf302513f8a,https://github.com/networknt/light-4j,75ad2d415c51d7b6475f1d270a66949609b125d5,http-url,ID,1,REPAIRED,flags,8,/home/srafi/after-cam-ready/compare_/compile_repair_output/logs/faf302513f8a/01_flags_java8.log,1,No POM patch required
0d742b99cd58,https://github.com/networknt/light-4j,75ad2d415c51d7b6475f1d270a66949609b125d5,registry,ID,1,REPAIRED,flags,8,/home/srafi/after-cam-ready/compare_/compile_repair_output/logs/0d742b99cd58/01_flags_java8.log,1,No POM patch required
6c5c6d44e627,https://github.com/networknt/light-4j,8099ee299a429c6eab0bd2f49f63a3efac8ec23d,header,ID,2,REPAIRED,flags,11,/home/srafi/after-cam-ready/compare_/compile_repair_output/logs/6c5c6d44e627/02_flags_java11.log,2,No POM patch required
f68f3a639cd3,https://github.com/networknt/light-4j,fcded1683dcbd41a968e221494778aa6b71e7428,consul,OD,2,REPAIRED,flags,11,/home/srafi/after-cam-ready/compare_/compile_repair_output/logs/f68f3a639cd3/02_flags_java11.log,2,No POM patch required
0acd091a18f0,https://github.com/networknt/light-4j,fcded1683dcbd41a968e221494778aa6b71e7428,correlation,OD,1,REPAIRED,flags,11,/home/srafi/after-cam-ready/compare_/compile_repair_output/logs/0acd091a18f0/02_flags_java11.log,2,No POM patch required
b7d6b7499f59,https://github.com/networknt/light-4j,fcded1683dcbd41a968e221494778aa6b71e7428,handler,OD,1,REPAIRED,flags,11,/home/srafi/after-cam-ready/compare_/compile_repair_output/logs/b7d6b7499f59/02_flags_java11.log,2,No POM patch required
c833620ca0c5,https://github.com/networknt/light-4j,fcded1683dcbd41a968e221494778aa6b71e7428,metrics,OD,2,REPAIRED,flags,11,/home/srafi/after-cam-ready/compare_/compile_repair_output/logs/c833620ca0c5/02_flags_java11.log,2,No POM patch required
d6d11dacdedd,https://github.com/networknt/light-4j,fcded1683dcbd41a968e221494778aa6b71e7428,portal-registry,OD,2,REPAIRED,flags,11,/home/srafi/after-cam-ready/compare_/compile_repair_output/logs/d6d11dacdedd/02_flags_java11.log,2,No POM patch required
f4daac7fddbf,https://github.com/nutzam/nutz,97745dd754eb9aee59aa806d90be53aac051a3e5,.,ID,5,REPAIRED,flags,8,/home/srafi/after-cam-ready/compare_/compile_repair_output/logs/f4daac7fddbf/01_flags_java8.log,1,No POM patch required
17bb98b473db,https://github.com/OpenAPITools/openapi-generator,bfce822c34144500eb573ab105502c3616d79dc3,modules/openapi-generator,ID,5,REPAIRED,flags,8,/home/srafi/after-cam-ready/compare_/compile_repair_output/logs/17bb98b473db/01_flags_java8.log,1,No POM patch required
43ab4990f9f3,https://github.com/OpenAPITools/openapi-generator,fe934dc1b40227369f226611219886760458f6d2,modules/openapi-generator,ID,3,REPAIRED,flags,8,/home/srafi/after-cam-ready/compare_/compile_repair_output/logs/43ab4990f9f3/01_flags_java8.log,1,No POM patch required
530547ad4a4b,https://github.com/OpenFeign/feign-vertx,5c64572a72581178e9e7f382a5b45d7503af7ea9,.,ID,1,REPAIRED,flags,8,/home/srafi/after-cam-ready/compare_/compile_repair_output/logs/530547ad4a4b/01_flags_java8.log,1,No POM patch required
6bd8b371ab67,https://github.com/opengoofy/hippo4j,5e285ba5b47266d7dcede64aefae00fbe0c9c4ae,hippo4j-common,ID,2,REPAIRED,flags,8,/home/srafi/after-cam-ready/compare_/compile_repair_output/logs/6bd8b371ab67/01_flags_java8.log,1,No POM patch required
208a80f92ad9,https://github.com/orika-mapper/orika,27dd4c4666f2c559c0ef84d18221cf104b1f699c,core,ID,1,REPAIRED,flags,8,/home/srafi/after-cam-ready/compare_/compile_repair_output/logs/208a80f92ad9/01_flags_java8.log,1,No POM patch required
56c4c127ff3d,https://github.com/OryxProject/oryx,43511f068bb4905769edc00e32f894016e2d0419,framework/oryx-common,ID,1,REPAIRED,flags,8,/home/srafi/after-cam-ready/compare_/compile_repair_output/logs/56c4c127ff3d/01_flags_java8.log,1,No POM patch required
4bfca8a3d4b6,https://github.com/pedrovgs/Algorithms,ed6f8a49948c09a21bfeb7bc38b4f24141795e38,.,ID,1,REPAIRED,flags,8,/home/srafi/after-cam-ready/compare_/compile_repair_output/logs/4bfca8a3d4b6/01_flags_java8.log,1,No POM patch required
61bd033de7fc,https://github.com/ripe-ncc/whois,79e90f41d7eeee42f2c3ad299bfccc4e8005ce8c,whois-api,ID,3,REPAIRED,flags,8,/home/srafi/after-cam-ready/compare_/compile_repair_output/logs/61bd033de7fc/01_flags_java8.log,1,No POM patch required
b1f5211d0427,https://github.com/rrd4j/rrd4j,5e0c9c7e138167388721a0620b95526e89fd6059,.,OD-Vic,1,REPAIRED,flags,8,/home/srafi/after-cam-ready/compare_/compile_repair_output/logs/b1f5211d0427/01_flags_java8.log,1,No POM patch required
c8c72131e5ee,https://github.com/runelite/runelite,3bad0b726be8eac4119e8ff657ca3160ae11a074,cache,ID,2,REPAIRED,flags,8,/home/srafi/after-cam-ready/compare_/compile_repair_output/logs/c8c72131e5ee/01_flags_java8.log,1,No POM patch required
c3a15039828c,https://github.com/sakaiproject/sakai,17039df4b3f76abb13a670151e6e58d1df9d608f,lti/tsugi-util,ID,1,REPAIRED,flags,11,/home/srafi/after-cam-ready/compare_/compile_repair_output/logs/c3a15039828c/02_flags_java11.log,2,No POM patch required
e4cff7ed8453,https://github.com/SAP/scimono,a1a6fc3524b650e5ea191792ad0d203b3a5cb774,scimono-client,ID,3,REPAIRED,flags,8,/home/srafi/after-cam-ready/compare_/compile_repair_output/logs/e4cff7ed8453/01_flags_java8.log,1,No POM patch required
ced40ee4ca5e,https://github.com/snakeyaml/snakeyaml,626340b5bcd50a8eb12413478e935be077c6b39c,.,ID,2,REPAIRED,flags,11,/home/srafi/after-cam-ready/compare_/compile_repair_output/logs/ced40ee4ca5e/02_flags_java11.log,2,No POM patch required
fb650eb075cf,https://github.com/sofastack/sofa-boot,451b5c513ceb13317ea7b53c656dde2a597867df,sofa-boot-project/sofa-boot-starters/log-sofa-boot-starter,ID,1,REPAIRED,flags,8,/home/srafi/after-cam-ready/compare_/compile_repair_output/logs/fb650eb075cf/01_flags_java8.log,1,No POM patch required
98cda7e3d875,https://github.com/spring-cloud/spring-cloud-config,922590e084284fc95566f8dcb277e94733cff2ec,spring-cloud-config-monitor,ID,1,REPAIRED,flags,8,/home/srafi/after-cam-ready/compare_/compile_repair_output/logs/98cda7e3d875/01_flags_java8.log,1,No POM patch required
82b196060803,https://github.com/spring-projects/spring-data-jpa,dccc58040b2eb59f1ed425df491e6de87b130897,.,ID,2,REPAIRED,snapshot,8,/home/srafi/after-cam-ready/compare_/compile_repair_output/logs/82b196060803/05_snapshot_java8.log,4,/home/srafi/after-cam-ready/compare_/compile_repair_output/patches/82b196060803.patch
9ac5affa131c,https://github.com/spring-projects/spring-ws,e8d89c9eb0929dda304174729c9c69fb29f448eb,spring-ws-security,OD;UD,2,REPAIRED,flags,8,/home/srafi/after-cam-ready/compare_/compile_repair_output/logs/9ac5affa131c/01_flags_java8.log,1,No POM patch required
c451d2018b50,https://github.com/tbsalling/aismessages,7b0c4c708b6bb9a6da3d5737bcad1857ade8a931,.,OD-Vic,2,REPAIRED,flags,8,/home/srafi/after-cam-ready/compare_/compile_repair_output/logs/c451d2018b50/01_flags_java8.log,1,No POM patch required
94e205bca77f,https://github.com/tools4j/unix4j,367da7d262e682a08577cdf19ebbbdd8a46870fe,unix4j-core/unix4j-command,OD-Vic,1,REPAIRED,flags,8,/home/srafi/after-cam-ready/compare_/compile_repair_output/logs/94e205bca77f/01_flags_java8.log,1,No POM patch required
d7d18ec32466,https://github.com/undertow-io/undertow,d0efffad5d2034bb07525cac9b299dac72c3045d,websockets-jsr,OD-Vic,1,REPAIRED,flags,8,/home/srafi/after-cam-ready/compare_/compile_repair_output/logs/d7d18ec32466/01_flags_java8.log,1,No POM patch required
ba49cebc4abf,https://github.com/vaadin/flow,26aacd3cdf51c7e0a18ae21318d366ce7f91be8a,flow-data,OD,1,REPAIRED,flags,8,/home/srafi/after-cam-ready/compare_/compile_repair_output/logs/ba49cebc4abf/01_flags_java8.log,1,No POM patch required
a3243ba0fbc2,https://github.com/vojtechhabarta/typescript-generator,caef58bfe55a8cd1fc5d7368c19e9ff818a7b7fa,typescript-generator-core,ID,1,REPAIRED,flags,8,/home/srafi/after-cam-ready/compare_/compile_repair_output/logs/a3243ba0fbc2/01_flags_java8.log,1,No POM patch required
8dd27fc76f20,https://github.com/wikidata/wikidata-toolkit,20de6f7f12319f54eb962ff6e8357b3f5695d54d,wdtk-dumpfiles,OD-Brit,3,REPAIRED,flags,8,/home/srafi/after-cam-ready/compare_/compile_repair_output/logs/8dd27fc76f20/01_flags_java8.log,1,No POM patch required
76598bd8cfb3,https://github.com/wildfly/jboss-ejb-client,21ba139c3d49b0d5231372f80511e7f732414ca9,.,ID,1,REPAIRED,flags,8,/home/srafi/after-cam-ready/compare_/compile_repair_output/logs/76598bd8cfb3/01_flags_java8.log,1,No POM patch required
b93c852e4646,https://github.com/wildfly/wildfly,914e190167a79c538e0f87ea4385a6626bdecc9a,dist,ID,2,REPAIRED,flags,11,/home/srafi/after-cam-ready/compare_/compile_repair_output/logs/b93c852e4646/02_flags_java11.log,2,No POM patch required
02bda3f27930,https://github.com/wildfly/wildfly,914e190167a79c538e0f87ea4385a6626bdecc9a,ee-dist,ID,16,REPAIRED,flags,11,/home/srafi/after-cam-ready/compare_/compile_repair_output/logs/02bda3f27930/02_flags_java11.log,2,No POM patch required
db129a7d15cf,https://github.com/wildfly/wildfly,b19048b72669fc0e96665b1b125dc1fda21f5993,dist,ID,16,REPAIRED,flags,8,/home/srafi/after-cam-ready/compare_/compile_repair_output/logs/db129a7d15cf/01_flags_java8.log,1,No POM patch required
3e8a2f23edbd,https://github.com/wildfly/wildfly,b19048b72669fc0e96665b1b125dc1fda21f5993,naming,OD-Brit | OD-Vic,23,REPAIRED,flags,8,/home/srafi/after-cam-ready/compare_/compile_repair_output/logs/3e8a2f23edbd/01_flags_java8.log,1,No POM patch required
4d2990952e9e,https://github.com/wildfly/wildfly,ba0b37ab55e0cd6022738dd580f780e6bb76f051,preview/dist,ID,1,REPAIRED,flags,11,/home/srafi/after-cam-ready/compare_/compile_repair_output/logs/4d2990952e9e/02_flags_java11.log,2,No POM patch required
ebf1743fc414,https://github.com/wildfly/wildfly-core,db72abab9b89203891f5c84e0526028dc5f4e9ef,cli,ID,1,REPAIRED,flags,8,/home/srafi/after-cam-ready/compare_/compile_repair_output/logs/ebf1743fc414/01_flags_java8.log,1,No POM patch required
d7948639797c,https://github.com/yandex/yoctodb,36a83d1a4107a28358c97cbf6e00500c8b214024,core,ID,1,REPAIRED,flags,8,/home/srafi/after-cam-ready/compare_/compile_repair_output/logs/d7948639797c/01_flags_java8.log,1,No POM patch required
3f78f6d60753,https://github.com/yangfuhai/jboot,4bffb4dff4ce5190917491a1b68f79efbfe99650,.,OD,6,REPAIRED,flags,8,/home/srafi/after-cam-ready/compare_/compile_repair_output/logs/3f78f6d60753/01_flags_java8.log,1,No POM patch required
083487acfb45,https://github.com/zalando/riptide,8277e11fc069d8e24df0d233ef2577cc75659b75,riptide-spring-boot-starter,ID;OD-Vic | NIO;UD,2,REPAIRED,flags,8,/home/srafi/after-cam-ready/compare_/compile_repair_output/logs/083487acfb45/01_flags_java8.log,1,No POM patch required
